{
  "main": {
    "id": "591252f9099c4c7b",
    "type": "split",
    "children": [
      {
        "id": "3238cd7fded56ec7",
        "type": "tabs",
        "children": [
          {
            "id": "7eeb423cf7212620",
            "type": "leaf",
            "state": {
              "type": "excalidraw",
              "state": {
                "file": "0- DB.md"
              },
              "icon": "excalidraw-icon",
              "title": "0- DB"
            }
          },
          {
            "id": "8e80a77984745d80",
            "type": "leaf",
            "state": {
              "type": "excalidraw",
              "state": {
                "file": "0- DB.md"
              },
              "icon": "excalidraw-icon",
              "title": "0- DB"
            }
          },
          {
            "id": "e6beec119c1ac12f",
            "type": "leaf",
            "state": {
              "type": "excalidraw",
              "state": {
                "file": "1- DesignPattern.md"
              },
              "icon": "excalidraw-icon",
              "title": "1- DesignPattern"
            }
          },
          {
            "id": "8d23482fcc19c5ca",
            "type": "leaf",
            "state": {
              "type": "markdown",
              "state": {
                "file": "4- os proJect.md",
                "mode": "source",
                "source": false
              },
              "icon": "lucide-file",
              "title": "4- os proJect"
            }
          },
          {
            "id": "745bff959e0202bf",
            "type": "leaf",
            "state": {
              "type": "excalidraw",
              "state": {
                "file": "1- DesignPattern.md"
              },
              "icon": "excalidraw-icon",
              "title": "1- DesignPattern"
            }
          },
          {
            "id": "18c95f65fe506715",
            "type": "leaf",
            "state": {
              "type": "excalidraw",
              "state": {
                "file": "1- DesignPattern.md"
              },
              "icon": "excalidraw-icon",
              "title": "1- DesignPattern"
            }
          },
          {
            "id": "8a3ac5c2a95a25fd",
            "type": "leaf",
            "state": {
              "type": "excalidraw",
              "state": {
                "file": "1- DesignPattern.md"
              },
              "icon": "excalidraw-icon",
              "title": "1- DesignPattern"
            }
          },
          {
            "id": "0a9adaf16898e0e4",
            "type": "leaf",
            "state": {
              "type": "markdown",
              "state": {
                "file": "db continue.md",
                "mode": "source",
                "source": false
              },
              "icon": "lucide-file",
              "title": "db continue"
            }
          },
          {
            "id": "07dcb0e6c484f149",
            "type": "leaf",
            "state": {
              "type": "markdown",
              "state": {
                "file": "db continue.md",
                "mode": "source",
                "source": false
              },
              "icon": "lucide-file",
              "title": "db continue"
            }
          },
          {
            "id": "f7b07a501e3d4855",
            "type": "leaf",
            "state": {
              "type": "excalidraw",
              "state": {
                "file": "0- DB.md"
              },
              "icon": "excalidraw-icon",
              "title": "0- DB"
            }
          },
          {
            "id": "17118f78ae596fa0",
            "type": "leaf",
            "state": {
              "type": "excalidraw",
              "state": {
                "file": "1- DesignPattern.md"
              },
              "icon": "excalidraw-icon",
              "title": "1- DesignPattern"
            }
          },
          {
            "id": "ced94222f97574c8",
            "type": "leaf",
            "state": {
              "type": "excalidraw",
              "state": {
                "file": "1- DesignPattern.md"
              },
              "icon": "excalidraw-icon",
              "title": "1- DesignPattern"
            }
          },
          {
            "id": "c7d53a3db31b066a",
            "type": "leaf",
            "state": {
              "type": "excalidraw",
              "state": {
                "file": "1- DesignPattern.md"
              },
              "icon": "lucide-ghost",
              "title": "excalidraw"
            }
          },
          {
            "id": "8bd7ee0c56bffa48",
            "type": "leaf",
            "state": {
              "type": "excalidraw",
              "state": {
                "file": "0- DB.md"
              },
              "icon": "lucide-ghost",
              "title": "excalidraw"
            }
          },
          {
            "id": "a16788596bc5122e",
            "type": "leaf",
            "state": {
              "type": "excalidraw",
              "state": {
                "file": "0- DB.md"
              },
              "icon": "lucide-ghost",
              "title": "excalidraw"
            }
          },
          {
            "id": "e6dd71cdd087ebe0",
            "type": "leaf",
            "state": {
              "type": "excalidraw",
              "state": {
                "file": "0- DB.md"
              },
              "icon": "lucide-ghost",
              "title": "excalidraw"
            }
          },
          {
            "id": "1f0769e94041ace4",
            "type": "leaf",
            "state": {
              "type": "excalidraw",
              "state": {
                "file": "0- DB.md"
              },
              "icon": "lucide-ghost",
              "title": "excalidraw"
            }
          },
          {
            "id": "1bff8fa18272d889",
            "type": "leaf",
            "state": {
              "type": "excalidraw",
              "state": {
                "file": "5- OS.md"
              },
              "icon": "lucide-ghost",
              "title": "excalidraw"
            }
          },
          {
            "id": "76661c5d187fd0a6",
            "type": "leaf",
            "state": {
              "type": "excalidraw",
              "state": {
                "file": "5- OS.md"
              },
              "icon": "lucide-ghost",
              "title": "excalidraw"
            }
          },
          {
            "id": "a952d1402126c903",
            "type": "leaf",
            "state": {
              "type": "excalidraw",
              "state": {
                "file": "5- OS.md"
              },
              "icon": "lucide-ghost",
              "title": "excalidraw"
            }
          },
          {
            "id": "935c61e4d4423950",
            "type": "leaf",
            "state": {
              "type": "excalidraw",
              "state": {
                "file": "0- DB.md"
              },
              "icon": "lucide-ghost",
              "title": "excalidraw"
            }
          },
          {
            "id": "028c58b2e84f4f06",
            "type": "leaf",
            "state": {
              "type": "excalidraw",
              "state": {
                "file": "3 - Data SCi..md"
              },
              "icon": "lucide-ghost",
              "title": "excalidraw"
            }
          },
          {
            "id": "d4e5228a87aac2ac",
            "type": "leaf",
            "state": {
              "type": "excalidraw",
              "state": {
                "file": "3 - Data SCi..md"
              },
              "icon": "lucide-ghost",
              "title": "excalidraw"
            }
          },
          {
            "id": "56499db93095b900",
            "type": "leaf",
            "state": {
              "type": "excalidraw",
              "state": {
                "file": "3 - Data SCi..md"
              },
              "icon": "lucide-ghost",
              "title": "excalidraw"
            }
          },
          {
            "id": "f1b0d49d2512cbce",
            "type": "leaf",
            "state": {
              "type": "excalidraw",
              "state": {
                "file": "0- DB.md"
              },
              "icon": "lucide-ghost",
              "title": "excalidraw"
            }
          },
          {
            "id": "d6c1598445d59586",
            "type": "leaf",
            "state": {
              "type": "excalidraw",
              "state": {
                "file": "2- Algo.md"
              },
              "icon": "lucide-ghost",
              "title": "excalidraw"
            }
          },
          {
            "id": "bef42b93897daa11",
            "type": "leaf",
            "state": {
              "type": "markdown",
              "state": {
                "file": "s.md",
                "mode": "source",
                "source": false
              },
              "icon": "lucide-file",
              "title": "s"
            }
          },
          {
            "id": "3d3052b5e297b958",
            "type": "leaf",
            "state": {
              "type": "excalidraw",
              "state": {
                "file": "3 - Data SCi..md"
              },
              "icon": "lucide-ghost",
              "title": "excalidraw"
            }
          },
          {
            "id": "c94fcbbad896125d",
            "type": "leaf",
            "state": {
              "type": "excalidraw",
              "state": {
                "file": "3 - Data SCi..md"
              },
              "icon": "lucide-ghost",
              "title": "excalidraw"
            }
          },
          {
            "id": "c46a2ce9cd28df61",
            "type": "leaf",
            "state": {
              "type": "excalidraw",
              "state": {
                "file": "3 - Data SCi..md"
              },
              "icon": "lucide-ghost",
              "title": "excalidraw"
            }
          },
          {
            "id": "d6c6ebfc3886b59d",
            "type": "leaf",
            "state": {
              "type": "markdown",
              "state": {
                "file": "Untitled.md",
                "mode": "source",
                "source": false
              },
              "icon": "lucide-file",
              "title": "Untitled"
            }
          },
          {
            "id": "2a66618f45c9e722",
            "type": "leaf",
            "state": {
              "type": "excalidraw",
              "state": {
                "file": "4- os proJect.md"
              },
              "icon": "lucide-ghost",
              "title": "excalidraw"
            }
          },
          {
            "id": "6866d7fae785a4fd",
            "type": "leaf",
            "state": {
              "type": "excalidraw",
              "state": {
                "file": "1- DesignPattern.md"
              },
              "icon": "lucide-ghost",
              "title": "excalidraw"
            }
          },
          {
            "id": "185407ac0e3baef6",
            "type": "leaf",
            "state": {
              "type": "excalidraw",
              "state": {
                "file": "0- DB.md"
              },
              "icon": "lucide-ghost",
              "title": "excalidraw"
            }
          },
          {
            "id": "0d4939d75914257b",
            "type": "leaf",
            "state": {
              "type": "excalidraw",
              "state": {
                "file": "0- DB.md"
              },
              "icon": "lucide-ghost",
              "title": "excalidraw"
            }
          }
        ],
        "currentTab": 9
      }
    ],
    "direction": "vertical"
  },
  "left": {
    "id": "9183d67646efcfd1",
    "type": "split",
    "children": [
      {
        "id": "8c358305f2266180",
        "type": "tabs",
        "children": [
          {
            "id": "4b25c00012f8005f",
            "type": "leaf",
            "state": {
              "type": "file-explorer",
              "state": {
                "sortOrder": "alphabetical",
                "autoReveal": false
              },
              "icon": "lucide-folder-closed",
              "title": "Files"
            }
          },
          {
            "id": "d18ce56898fc9385",
            "type": "leaf",
            "state": {
              "type": "search",
              "state": {
                "query": "",
                "matchingCase": false,
                "explainSearch": false,
                "collapseAll": false,
                "extraContext": false,
                "sortOrder": "alphabetical"
              },
              "icon": "lucide-search",
              "title": "Search"
            }
          },
          {
            "id": "fce01d81df5351bd",
            "type": "leaf",
            "state": {
              "type": "bookmarks",
              "state": {},
              "icon": "lucide-bookmark",
              "title": "Bookmarks"
            }
          }
        ],
        "currentTab": 1
      }
    ],
    "direction": "horizontal",
    "width": 300,
    "collapsed": true
  },
  "right": {
    "id": "6fd73f74f59cd3d6",
    "type": "split",
    "children": [
      {
        "id": "a58c44d3862aa854",
        "type": "tabs",
        "children": [
          {
            "id": "d5a29006cdfa5472",
            "type": "leaf",
            "state": {
              "type": "backlink",
              "state": {
                "file": "0- Excalidraw.md",
                "collapseAll": false,
                "extraContext": false,
                "sortOrder": "alphabetical",
                "showSearch": false,
                "searchQuery": "",
                "backlinkCollapsed": false,
                "unlinkedCollapsed": true
              },
              "icon": "links-coming-in",
              "title": "Backlinks for 0- Excalidraw"
            }
          },
          {
            "id": "c43c1bdc12fa0c2c",
            "type": "leaf",
            "state": {
              "type": "outgoing-link",
              "state": {
                "file": "0- Excalidraw.md",
                "linksCollapsed": false,
                "unlinkedCollapsed": true
              },
              "icon": "links-going-out",
              "title": "Outgoing links from 0- Excalidraw"
            }
          },
          {
            "id": "d8d904bf9c198d14",
            "type": "leaf",
            "state": {
              "type": "tag",
              "state": {
                "sortOrder": "frequency",
                "useHierarchy": true,
                "showSearch": true,
                "searchQuery": ""
              },
              "icon": "lucide-tags",
              "title": "Tags"
            }
          },
          {
            "id": "723304e452e6e36d",
            "type": "leaf",
            "state": {
              "type": "outline",
              "state": {
                "file": "1- DesignPattern.md",
                "followCursor": false,
                "showSearch": false,
                "searchQuery": ""
              },
              "icon": "lucide-list",
              "title": "Outline of 1- DesignPattern"
            }
          }
        ],
        "currentTab": 2
      }
    ],
    "direction": "horizontal",
    "width": 200,
    "collapsed": true
  },
  "left-ribbon": {
    "hiddenItems": {
      "switcher:Open quick switcher": false,
      "graph:Open graph view": false,
      "canvas:Create new canvas": false,
      "daily-notes:Open today's daily note": false,
      "templates:Insert template": false,
      "command-palette:Open command palette": false,
      "bases:Create new base": false,
      "obsidian-excalidraw-plugin:New drawing": false
    }
  },
  "active": "f7b07a501e3d4855",
  "lastOpenFiles": [
    "Drawing 2026-01-07 22.14.21.excalidraw.md",
    "db continue.md",
    "0- DB.md",
    "Drawing 2026-01-07 15.44.54.excalidraw.md",
    "Pasted Image 20260107220859_814.png",
    "Pasted Image 20260107220801_922.png",
    "Pasted Image 20260107220734_733.png",
    "Pasted Image 20260107213252_040.png",
    "Pasted Image 20260107212746_120.png",
    "Pasted Image 20260107211545_086.png",
    "Pasted Image 20260107210811_399.png",
    "Pasted Image 20260107210757_519.png",
    "Pasted Image 20260107210733_136.png",
    "Pasted Image 20260107210704_367.png",
    "1- DesignPattern.md",
    "5- OS.md",
    "Drawing 2026-01-04 18.58.17.excalidraw.md",
    "4- os proJect.md",
    "2- Algo.md",
    "3 - Data SCi..md",
    "Untitled.md",
    "s.md",
    "img",
    "0- DB.restored.md",
    "0- Excalidraw.restored.md"
  ]
}